,survival,pclass,sex,age,sibsp,parch,fare,embarked,class,who,adult_male,embark_town,alive,alone,family_size
0,0,3,male,22.0,1,0,7.25,S,Third,man,True,Southampton,no,False,1
2,1,3,female,26.0,0,0,7.925,S,Third,woman,False,Southampton,yes,True,0
3,1,1,female,35.0,1,0,53.1,S,First,woman,False,Southampton,yes,False,1
4,0,3,male,35.0,0,0,8.05,S,Third,man,True,Southampton,no,True,0
6,0,1,male,54.0,0,0,51.8625,S,First,man,True,Southampton,no,True,0
7,0,3,male,2.0,3,1,21.075,S,Third,child,False,Southampton,no,False,4
8,1,3,female,27.0,0,2,11.1333,S,Third,woman,False,Southampton,yes,False,2
9,1,2,female,14.0,1,0,30.0708,C,Second,child,False,Cherbourg,yes,False,1
10,1,3,female,4.0,1,1,16.7,S,Third,child,False,Southampton,yes,False,2
11,1,1,female,58.0,0,0,26.55,S,First,woman,False,Southampton,yes,True,0
12,0,3,male,20.0,0,0,8.05,S,Third,man,True,Southampton,no,True,0
13,0,3,male,39.0,1,5,31.275,S,Third,man,True,Southampton,no,False,6
14,0,3,female,14.0,0,0,7.8542,S,Third,child,False,Southampton,no,True,0
15,1,2,female,55.0,0,0,16.0,S,Second,woman,False,Southampton,yes,True,0
16,0,3,male,2.0,4,1,29.125,Q,Third,child,False,Queenstown,no,False,5
18,0,3,female,31.0,1,0,18.0,S,Third,woman,False,Southampton,no,False,1
20,0,2,male,35.0,0,0,26.0,S,Second,man,True,Southampton,no,True,0
21,1,2,male,34.0,0,0,13.0,S,Second,man,True,Southampton,yes,True,0
22,1,3,female,15.0,0,0,8.0292,Q,Third,child,False,Queenstown,yes,True,0
23,1,1,male,28.0,0,0,35.5,S,First,man,True,Southampton,yes,True,0
24,0,3,female,8.0,3,1,21.075,S,Third,child,False,Southampton,no,False,4
25,1,3,female,38.0,1,5,31.3875,S,Third,woman,False,Southampton,yes,False,6
30,0,1,male,40.0,0,0,27.7208,C,First,man,True,Cherbourg,no,True,0
35,0,1,male,42.0,1,0,52.0,S,First,man,True,Southampton,no,False,1
37,0,3,male,21.0,0,0,8.05,S,Third,man,True,Southampton,no,True,0
38,0,3,female,18.0,2,0,18.0,S,Third,woman,False,Southampton,no,False,2
39,1,3,female,14.0,1,0,11.2417,C,Third,child,False,Cherbourg,yes,False,1
40,0,3,female,40.0,1,0,9.475,S,Third,woman,False,Southampton,no,False,1
41,0,2,female,27.0,1,0,21.0,S,Second,woman,False,Southampton,no,False,1
43,1,2,female,3.0,1,2,41.5792,C,Second,child,False,Cherbourg,yes,False,3
44,1,3,female,19.0,0,0,7.8792,Q,Third,woman,False,Queenstown,yes,True,0
49,0,3,female,18.0,1,0,17.8,S,Third,woman,False,Southampton,no,False,1
50,0,3,male,7.0,4,1,39.6875,S,Third,child,False,Southampton,no,False,5
51,0,3,male,21.0,0,0,7.8,S,Third,man,True,Southampton,no,True,0
53,1,2,female,29.0,1,0,26.0,S,Second,woman,False,Southampton,yes,False,1
56,1,2,female,21.0,0,0,10.5,S,Second,woman,False,Southampton,yes,True,0
57,0,3,male,28.5,0,0,7.2292,C,Third,man,True,Cherbourg,no,True,0
58,1,2,female,5.0,1,2,27.75,S,Second,child,False,Southampton,yes,False,3
59,0,3,male,11.0,5,2,46.9,S,Third,child,False,Southampton,no,False,7
60,0,3,male,22.0,0,0,7.2292,C,Third,man,True,Cherbourg,no,True,0
63,0,3,male,4.0,3,2,27.9,S,Third,child,False,Southampton,no,False,5
66,1,2,female,29.0,0,0,10.5,S,Second,woman,False,Southampton,yes,True,0
67,0,3,male,19.0,0,0,8.1583,S,Third,man,True,Southampton,no,True,0
68,1,3,female,17.0,4,2,7.925,S,Third,woman,False,Southampton,yes,False,6
69,0,3,male,26.0,2,0,8.6625,S,Third,man,True,Southampton,no,False,2
70,0,2,male,32.0,0,0,10.5,S,Second,man,True,Southampton,no,True,0
71,0,3,female,16.0,5,2,46.9,S,Third,woman,False,Southampton,no,False,7
73,0,3,male,26.0,1,0,14.4542,C,Third,man,True,Cherbourg,no,False,1
74,1,3,male,32.0,0,0,56.4958,S,Third,man,True,Southampton,yes,True,0
75,0,3,male,25.0,0,0,7.65,S,Third,man,True,Southampton,no,True,0
78,1,2,male,0.83,0,2,29.0,S,Second,child,False,Southampton,yes,False,2
79,1,3,female,30.0,0,0,12.475,S,Third,woman,False,Southampton,yes,True,0
80,0,3,male,22.0,0,0,9.0,S,Third,man,True,Southampton,no,True,0
81,1,3,male,29.0,0,0,9.5,S,Third,man,True,Southampton,yes,True,0
83,0,1,male,28.0,0,0,47.1,S,First,man,True,Southampton,no,True,0
84,1,2,female,17.0,0,0,10.5,S,Second,woman,False,Southampton,yes,True,0
85,1,3,female,33.0,3,0,15.85,S,Third,woman,False,Southampton,yes,False,3
86,0,3,male,16.0,1,3,34.375,S,Third,man,True,Southampton,no,False,4
89,0,3,male,24.0,0,0,8.05,S,Third,man,True,Southampton,no,True,0
90,0,3,male,29.0,0,0,8.05,S,Third,man,True,Southampton,no,True,0
91,0,3,male,20.0,0,0,7.8542,S,Third,man,True,Southampton,no,True,0
92,0,1,male,46.0,1,0,61.175,S,First,man,True,Southampton,no,False,1
93,0,3,male,26.0,1,2,20.575,S,Third,man,True,Southampton,no,False,3
94,0,3,male,59.0,0,0,7.25,S,Third,man,True,Southampton,no,True,0
97,1,1,male,23.0,0,1,63.3583,C,First,man,True,Cherbourg,yes,False,1
98,1,2,female,34.0,0,1,23.0,S,Second,woman,False,Southampton,yes,False,1
99,0,2,male,34.0,1,0,26.0,S,Second,man,True,Southampton,no,False,1
100,0,3,female,28.0,0,0,7.8958,S,Third,woman,False,Southampton,no,True,0
103,0,3,male,33.0,0,0,8.6542,S,Third,man,True,Southampton,no,True,0
104,0,3,male,37.0,2,0,7.925,S,Third,man,True,Southampton,no,False,2
105,0,3,male,28.0,0,0,7.8958,S,Third,man,True,Southampton,no,True,0
106,1,3,female,21.0,0,0,7.65,S,Third,woman,False,Southampton,yes,True,0
108,0,3,male,38.0,0,0,7.8958,S,Third,man,True,Southampton,no,True,0
110,0,1,male,47.0,0,0,52.0,S,First,man,True,Southampton,no,True,0
111,0,3,female,14.5,1,0,14.4542,C,Third,child,False,Cherbourg,no,False,1
112,0,3,male,22.0,0,0,8.05,S,Third,man,True,Southampton,no,True,0
113,0,3,female,20.0,1,0,9.825,S,Third,woman,False,Southampton,no,False,1
114,0,3,female,17.0,0,0,14.4583,C,Third,woman,False,Cherbourg,no,True,0
115,0,3,male,21.0,0,0,7.925,S,Third,man,True,Southampton,no,True,0
117,0,2,male,29.0,1,0,21.0,S,Second,man,True,Southampton,no,False,1
119,0,3,female,2.0,4,2,31.275,S,Third,child,False,Southampton,no,False,6
122,0,2,male,32.5,1,0,30.0708,C,Second,man,True,Cherbourg,no,False,1
123,1,2,female,32.5,0,0,13.0,S,Second,woman,False,Southampton,yes,True,0
125,1,3,male,12.0,1,0,11.2417,C,Third,child,False,Cherbourg,yes,False,1
127,1,3,male,24.0,0,0,7.1417,S,Third,man,True,Southampton,yes,True,0
129,0,3,male,45.0,0,0,6.975,S,Third,man,True,Southampton,no,True,0
130,0,3,male,33.0,0,0,7.8958,C,Third,man,True,Cherbourg,no,True,0
131,0,3,male,20.0,0,0,7.05,S,Third,man,True,Southampton,no,True,0
132,0,3,female,47.0,1,0,14.5,S,Third,woman,False,Southampton,no,False,1
133,1,2,female,29.0,1,0,26.0,S,Second,woman,False,Southampton,yes,False,1
134,0,2,male,25.0,0,0,13.0,S,Second,man,True,Southampton,no,True,0
135,0,2,male,23.0,0,0,15.0458,C,Second,man,True,Cherbourg,no,True,0
136,1,1,female,19.0,0,2,26.2833,S,First,woman,False,Southampton,yes,False,2
137,0,1,male,37.0,1,0,53.1,S,First,man,True,Southampton,no,False,1
138,0,3,male,16.0,0,0,9.2167,S,Third,man,True,Southampton,no,True,0
141,1,3,female,22.0,0,0,7.75,S,Third,woman,False,Southampton,yes,True,0
142,1,3,female,24.0,1,0,15.85,S,Third,woman,False,Southampton,yes,False,1
143,0,3,male,19.0,0,0,6.75,Q,Third,man,True,Queenstown,no,True,0
144,0,2,male,18.0,0,0,11.5,S,Second,man,True,Southampton,no,True,0
145,0,2,male,19.0,1,1,36.75,S,Second,man,True,Southampton,no,False,2
146,1,3,male,27.0,0,0,7.7958,S,Third,man,True,Southampton,yes,True,0
147,0,3,female,9.0,2,2,34.375,S,Third,child,False,Southampton,no,False,4
148,0,2,male,36.5,0,2,26.0,S,Second,man,True,Southampton,no,False,2
149,0,2,male,42.0,0,0,13.0,S,Second,man,True,Southampton,no,True,0
150,0,2,male,51.0,0,0,12.525,S,Second,man,True,Southampton,no,True,0
152,0,3,male,55.5,0,0,8.05,S,Third,man,True,Southampton,no,True,0
153,0,3,male,40.5,0,2,14.5,S,Third,man,True,Southampton,no,False,2
155,0,1,male,51.0,0,1,61.3792,C,First,man,True,Cherbourg,no,False,1
156,1,3,female,16.0,0,0,7.7333,Q,Third,woman,False,Queenstown,yes,True,0
157,0,3,male,30.0,0,0,8.05,S,Third,man,True,Southampton,no,True,0
160,0,3,male,44.0,0,1,16.1,S,Third,man,True,Southampton,no,False,1
161,1,2,female,40.0,0,0,15.75,S,Second,woman,False,Southampton,yes,True,0
162,0,3,male,26.0,0,0,7.775,S,Third,man,True,Southampton,no,True,0
163,0,3,male,17.0,0,0,8.6625,S,Third,man,True,Southampton,no,True,0
164,0,3,male,1.0,4,1,39.6875,S,Third,child,False,Southampton,no,False,5
165,1,3,male,9.0,0,2,20.525,S,Third,child,False,Southampton,yes,False,2
167,0,3,female,45.0,1,4,27.9,S,Third,woman,False,Southampton,no,False,5
169,0,3,male,28.0,0,0,56.4958,S,Third,man,True,Southampton,no,True,0
170,0,1,male,61.0,0,0,33.5,S,First,man,True,Southampton,no,True,0
171,0,3,male,4.0,4,1,29.125,Q,Third,child,False,Queenstown,no,False,5
172,1,3,female,1.0,1,1,11.1333,S,Third,child,False,Southampton,yes,False,2
173,0,3,male,21.0,0,0,7.925,S,Third,man,True,Southampton,no,True,0
174,0,1,male,56.0,0,0,30.6958,C,First,man,True,Cherbourg,no,True,0
175,0,3,male,18.0,1,1,7.8542,S,Third,man,True,Southampton,no,False,2
177,0,1,female,50.0,0,0,28.7125,C,First,woman,False,Cherbourg,no,True,0
178,0,2,male,30.0,0,0,13.0,S,Second,man,True,Southampton,no,True,0
179,0,3,male,36.0,0,0,0.0,S,Third,man,True,Southampton,no,True,0
182,0,3,male,9.0,4,2,31.3875,S,Third,child,False,Southampton,no,False,6
183,1,2,male,1.0,2,1,39.0,S,Second,child,False,Southampton,yes,False,3
184,1,3,female,4.0,0,2,22.025,S,Third,child,False,Southampton,yes,False,2
187,1,1,male,45.0,0,0,26.55,S,First,man,True,Southampton,yes,True,0
188,0,3,male,40.0,1,1,15.5,Q,Third,man,True,Queenstown,no,False,2
189,0,3,male,36.0,0,0,7.8958,S,Third,man,True,Southampton,no,True,0
190,1,2,female,32.0,0,0,13.0,S,Second,woman,False,Southampton,yes,True,0
191,0,2,male,19.0,0,0,13.0,S,Second,man,True,Southampton,no,True,0
192,1,3,female,19.0,1,0,7.8542,S,Third,woman,False,Southampton,yes,False,1
193,1,2,male,3.0,1,1,26.0,S,Second,child,False,Southampton,yes,False,2
194,1,1,female,44.0,0,0,27.7208,C,First,woman,False,Cherbourg,yes,True,0
197,0,3,male,42.0,0,1,8.4042,S,Third,man,True,Southampton,no,False,1
199,0,2,female,24.0,0,0,13.0,S,Second,woman,False,Southampton,no,True,0
200,0,3,male,28.0,0,0,9.5,S,Third,man,True,Southampton,no,True,0
202,0,3,male,34.0,0,0,6.4958,S,Third,man,True,Southampton,no,True,0
203,0,3,male,45.5,0,0,7.225,C,Third,man,True,Cherbourg,no,True,0
204,1,3,male,18.0,0,0,8.05,S,Third,man,True,Southampton,yes,True,0
205,0,3,female,2.0,0,1,10.4625,S,Third,child,False,Southampton,no,False,1
206,0,3,male,32.0,1,0,15.85,S,Third,man,True,Southampton,no,False,1
207,1,3,male,26.0,0,0,18.7875,C,Third,man,True,Cherbourg,yes,True,0
208,1,3,female,16.0,0,0,7.75,Q,Third,woman,False,Queenstown,yes,True,0
209,1,1,male,40.0,0,0,31.0,C,First,man,True,Cherbourg,yes,True,0
210,0,3,male,24.0,0,0,7.05,S,Third,man,True,Southampton,no,True,0
211,1,2,female,35.0,0,0,21.0,S,Second,woman,False,Southampton,yes,True,0
212,0,3,male,22.0,0,0,7.25,S,Third,man,True,Southampton,no,True,0
213,0,2,male,30.0,0,0,13.0,S,Second,man,True,Southampton,no,True,0
216,1,3,female,27.0,0,0,7.925,S,Third,woman,False,Southampton,yes,True,0
217,0,2,male,42.0,1,0,27.0,S,Second,man,True,Southampton,no,False,1
219,0,2,male,30.0,0,0,10.5,S,Second,man,True,Southampton,no,True,0
220,1,3,male,16.0,0,0,8.05,S,Third,man,True,Southampton,yes,True,0
221,0,2,male,27.0,0,0,13.0,S,Second,man,True,Southampton,no,True,0
222,0,3,male,51.0,0,0,8.05,S,Third,man,True,Southampton,no,True,0
225,0,3,male,22.0,0,0,9.35,S,Third,man,True,Southampton,no,True,0
226,1,2,male,19.0,0,0,10.5,S,Second,man,True,Southampton,yes,True,0
227,0,3,male,20.5,0,0,7.25,S,Third,man,True,Southampton,no,True,0
228,0,2,male,18.0,0,0,13.0,S,Second,man,True,Southampton,no,True,0
231,0,3,male,29.0,0,0,7.775,S,Third,man,True,Southampton,no,True,0
232,0,2,male,59.0,0,0,13.5,S,Second,man,True,Southampton,no,True,0
233,1,3,female,5.0,4,2,31.3875,S,Third,child,False,Southampton,yes,False,6
234,0,2,male,24.0,0,0,10.5,S,Second,man,True,Southampton,no,True,0
236,0,2,male,44.0,1,0,26.0,S,Second,man,True,Southampton,no,False,1
237,1,2,female,8.0,0,2,26.25,S,Second,child,False,Southampton,yes,False,2
238,0,2,male,19.0,0,0,10.5,S,Second,man,True,Southampton,no,True,0
239,0,2,male,33.0,0,0,12.275,S,Second,man,True,Southampton,no,True,0
242,0,2,male,29.0,0,0,10.5,S,Second,man,True,Southampton,no,True,0
243,0,3,male,22.0,0,0,7.125,S,Third,man,True,Southampton,no,True,0
244,0,3,male,30.0,0,0,7.225,C,Third,man,True,Cherbourg,no,True,0
246,0,3,female,25.0,0,0,7.775,S,Third,woman,False,Southampton,no,True,0
247,1,2,female,24.0,0,2,14.5,S,Second,woman,False,Southampton,yes,False,2
248,1,1,male,37.0,1,1,52.5542,S,First,man,True,Southampton,yes,False,2
249,0,2,male,54.0,1,0,26.0,S,Second,man,True,Southampton,no,False,1
251,0,3,female,29.0,1,1,10.4625,S,Third,woman,False,Southampton,no,False,2
252,0,1,male,62.0,0,0,26.55,S,First,man,True,Southampton,no,True,0
253,0,3,male,30.0,1,0,16.1,S,Third,man,True,Southampton,no,False,1
254,0,3,female,41.0,0,2,20.2125,S,Third,woman,False,Southampton,no,False,2
255,1,3,female,29.0,0,2,15.2458,C,Third,woman,False,Cherbourg,yes,False,2
259,1,2,female,50.0,0,1,26.0,S,Second,woman,False,Southampton,yes,False,1
261,1,3,male,3.0,4,2,31.3875,S,Third,child,False,Southampton,yes,False,6
263,0,1,male,40.0,0,0,0.0,S,First,man,True,Southampton,no,True,0
265,0,2,male,36.0,0,0,10.5,S,Second,man,True,Southampton,no,True,0
266,0,3,male,16.0,4,1,39.6875,S,Third,man,True,Southampton,no,False,5
267,1,3,male,25.0,1,0,7.775,S,Third,man,True,Southampton,yes,False,1
271,1,3,male,25.0,0,0,0.0,S,Third,man,True,Southampton,yes,True,0
272,1,2,female,41.0,0,1,19.5,S,Second,woman,False,Southampton,yes,False,1
273,0,1,male,37.0,0,1,29.7,C,First,man,True,Cherbourg,no,False,1
276,0,3,female,45.0,0,0,7.75,S,Third,woman,False,Southampton,no,True,0
278,0,3,male,7.0,4,1,29.125,Q,Third,child,False,Queenstown,no,False,5
279,1,3,female,35.0,1,1,20.25,S,Third,woman,False,Southampton,yes,False,2
281,0,3,male,28.0,0,0,7.8542,S,Third,man,True,Southampton,no,True,0
282,0,3,male,16.0,0,0,9.5,S,Third,man,True,Southampton,no,True,0
283,1,3,male,19.0,0,0,8.05,S,Third,man,True,Southampton,yes,True,0
285,0,3,male,33.0,0,0,8.6625,C,Third,man,True,Cherbourg,no,True,0
286,1,3,male,30.0,0,0,9.5,S,Third,man,True,Southampton,yes,True,0
287,0,3,male,22.0,0,0,7.8958,S,Third,man,True,Southampton,no,True,0
288,1,2,male,42.0,0,0,13.0,S,Second,man,True,Southampton,yes,True,0
289,1,3,female,22.0,0,0,7.75,Q,Third,woman,False,Queenstown,yes,True,0
292,0,2,male,36.0,0,0,12.875,C,Second,man,True,Cherbourg,no,True,0
293,0,3,female,24.0,0,0,8.85,S,Third,woman,False,Southampton,no,True,0
294,0,3,male,24.0,0,0,7.8958,S,Third,man,True,Southampton,no,True,0
296,0,3,male,23.5,0,0,7.2292,C,Third,man,True,Cherbourg,no,True,0
302,0,3,male,19.0,0,0,0.0,S,Third,man,True,Southampton,no,True,0
308,0,2,male,30.0,1,0,24.0,C,Second,man,True,Cherbourg,no,False,1
309,1,1,female,30.0,0,0,56.9292,C,First,woman,False,Cherbourg,yes,True,0
312,0,2,female,26.0,1,1,26.0,S,Second,woman,False,Southampton,no,False,2
313,0,3,male,28.0,0,0,7.8958,S,Third,man,True,Southampton,no,True,0
314,0,2,male,43.0,1,1,26.25,S,Second,man,True,Southampton,no,False,2
315,1,3,female,26.0,0,0,7.8542,S,Third,woman,False,Southampton,yes,True,0
316,1,2,female,24.0,1,0,26.0,S,Second,woman,False,Southampton,yes,False,1
317,0,2,male,54.0,0,0,14.0,S,Second,man,True,Southampton,no,True,0
320,0,3,male,22.0,0,0,7.25,S,Third,man,True,Southampton,no,True,0
321,0,3,male,27.0,0,0,7.8958,S,Third,man,True,Southampton,no,True,0
322,1,2,female,30.0,0,0,12.35,Q,Second,woman,False,Queenstown,yes,True,0
323,1,2,female,22.0,1,1,29.0,S,Second,woman,False,Southampton,yes,False,2
326,0,3,male,61.0,0,0,6.2375,S,Third,man,True,Southampton,no,True,0
327,1,2,female,36.0,0,0,13.0,S,Second,woman,False,Southampton,yes,True,0
328,1,3,female,31.0,1,1,20.525,S,Third,woman,False,Southampton,yes,False,2
329,1,1,female,16.0,0,1,57.9792,C,First,woman,False,Cherbourg,yes,False,1
331,0,1,male,45.5,0,0,28.5,S,First,man,True,Southampton,no,True,0
333,0,3,male,16.0,2,0,18.0,S,Third,man,True,Southampton,no,False,2
338,1,3,male,45.0,0,0,8.05,S,Third,man,True,Southampton,yes,True,0
339,0,1,male,45.0,0,0,35.5,S,First,man,True,Southampton,no,True,0
340,1,2,male,2.0,1,1,26.0,S,Second,child,False,Southampton,yes,False,2
342,0,2,male,28.0,0,0,13.0,S,Second,man,True,Southampton,no,True,0
343,0,2,male,25.0,0,0,13.0,S,Second,man,True,Southampton,no,True,0
344,0,2,male,36.0,0,0,13.0,S,Second,man,True,Southampton,no,True,0
345,1,2,female,24.0,0,0,13.0,S,Second,woman,False,Southampton,yes,True,0
346,1,2,female,40.0,0,0,13.0,S,Second,woman,False,Southampton,yes,True,0
348,1,3,male,3.0,1,1,15.9,S,Third,child,False,Southampton,yes,False,2
349,0,3,male,42.0,0,0,8.6625,S,Third,man,True,Southampton,no,True,0
350,0,3,male,23.0,0,0,9.225,S,Third,man,True,Southampton,no,True,0
352,0,3,male,15.0,1,1,7.2292,C,Third,child,False,Cherbourg,no,False,2
353,0,3,male,25.0,1,0,17.8,S,Third,man,True,Southampton,no,False,1
355,0,3,male,28.0,0,0,9.5,S,Third,man,True,Southampton,no,True,0
356,1,1,female,22.0,0,1,55.0,S,First,woman,False,Southampton,yes,False,1
357,0,2,female,38.0,0,0,13.0,S,Second,woman,False,Southampton,no,True,0
360,0,3,male,40.0,1,4,27.9,S,Third,man,True,Southampton,no,False,5
361,0,2,male,29.0,1,0,27.7208,C,Second,man,True,Cherbourg,no,False,1
362,0,3,female,45.0,0,1,14.4542,C,Third,woman,False,Cherbourg,no,False,1
363,0,3,male,35.0,0,0,7.05,S,Third,man,True,Southampton,no,True,0
365,0,3,male,30.0,0,0,7.25,S,Third,man,True,Southampton,no,True,0
370,1,1,male,25.0,1,0,55.4417,C,First,man,True,Cherbourg,yes,False,1
371,0,3,male,18.0,1,0,6.4958,S,Third,man,True,Southampton,no,False,1
372,0,3,male,19.0,0,0,8.05,S,Third,man,True,Southampton,no,True,0
374,0,3,female,3.0,3,1,21.075,S,Third,child,False,Southampton,no,False,4
376,1,3,female,22.0,0,0,7.25,S,Third,woman,False,Southampton,yes,True,0
378,0,3,male,20.0,0,0,4.0125,C,Third,man,True,Cherbourg,no,True,0
379,0,3,male,19.0,0,0,7.775,S,Third,man,True,Southampton,no,True,0
381,1,3,female,1.0,0,2,15.7417,C,Third,child,False,Cherbourg,yes,False,2
382,0,3,male,32.0,0,0,7.925,S,Third,man,True,Southampton,no,True,0
383,1,1,female,35.0,1,0,52.0,S,First,woman,False,Southampton,yes,False,1
386,0,3,male,1.0,5,2,46.9,S,Third,child,False,Southampton,no,False,7
387,1,2,female,36.0,0,0,13.0,S,Second,woman,False,Southampton,yes,True,0
389,1,2,female,17.0,0,0,12.0,C,Second,woman,False,Cherbourg,yes,True,0
391,1,3,male,21.0,0,0,7.7958,S,Third,man,True,Southampton,yes,True,0
392,0,3,male,28.0,2,0,7.925,S,Third,man,True,Southampton,no,False,2
394,1,3,female,24.0,0,2,16.7,S,Third,woman,False,Southampton,yes,False,2
395,0,3,male,22.0,0,0,7.7958,S,Third,man,True,Southampton,no,True,0
396,0,3,female,31.0,0,0,7.8542,S,Third,woman,False,Southampton,no,True,0
397,0,2,male,46.0,0,0,26.0,S,Second,man,True,Southampton,no,True,0
398,0,2,male,23.0,0,0,10.5,S,Second,man,True,Southampton,no,True,0
399,1,2,female,28.0,0,0,12.65,S,Second,woman,False,Southampton,yes,True,0
400,1,3,male,39.0,0,0,7.925,S,Third,man,True,Southampton,yes,True,0
401,0,3,male,26.0,0,0,8.05,S,Third,man,True,Southampton,no,True,0
402,0,3,female,21.0,1,0,9.825,S,Third,woman,False,Southampton,no,False,1
403,0,3,male,28.0,1,0,15.85,S,Third,man,True,Southampton,no,False,1
404,0,3,female,20.0,0,0,8.6625,S,Third,woman,False,Southampton,no,True,0
405,0,2,male,34.0,1,0,21.0,S,Second,man,True,Southampton,no,False,1
406,0,3,male,51.0,0,0,7.75,S,Third,man,True,Southampton,no,True,0
407,1,2,male,3.0,1,1,18.75,S,Second,child,False,Southampton,yes,False,2
408,0,3,male,21.0,0,0,7.775,S,Third,man,True,Southampton,no,True,0
414,1,3,male,44.0,0,0,7.925,S,Third,man,True,Southampton,yes,True,0
416,1,2,female,34.0,1,1,32.5,S,Second,woman,False,Southampton,yes,False,2
417,1,2,female,18.0,0,2,13.0,S,Second,woman,False,Southampton,yes,False,2
418,0,2,male,30.0,0,0,13.0,S,Second,man,True,Southampton,no,True,0
419,0,3,female,10.0,0,2,24.15,S,Third,child,False,Southampton,no,False,2
421,0,3,male,21.0,0,0,7.7333,Q,Third,man,True,Queenstown,no,True,0
422,0,3,male,29.0,0,0,7.875,S,Third,man,True,Southampton,no,True,0
423,0,3,female,28.0,1,1,14.4,S,Third,woman,False,Southampton,no,False,2
424,0,3,male,18.0,1,1,20.2125,S,Third,man,True,Southampton,no,False,2
426,1,2,female,28.0,1,0,26.0,S,Second,woman,False,Southampton,yes,False,1
427,1,2,female,19.0,0,0,26.0,S,Second,woman,False,Southampton,yes,True,0
429,1,3,male,32.0,0,0,8.05,S,Third,man,True,Southampton,yes,True,0
430,1,1,male,28.0,0,0,26.55,S,First,man,True,Southampton,yes,True,0
432,1,2,female,42.0,1,0,26.0,S,Second,woman,False,Southampton,yes,False,1
433,0,3,male,17.0,0,0,7.125,S,Third,man,True,Southampton,no,True,0
434,0,1,male,50.0,1,0,55.9,S,First,man,True,Southampton,no,False,1
436,0,3,female,21.0,2,2,34.375,S,Third,woman,False,Southampton,no,False,4
437,1,2,female,24.0,2,3,18.75,S,Second,woman,False,Southampton,yes,False,5
439,0,2,male,31.0,0,0,10.5,S,Second,man,True,Southampton,no,True,0
440,1,2,female,45.0,1,1,26.25,S,Second,woman,False,Southampton,yes,False,2
441,0,3,male,20.0,0,0,9.5,S,Third,man,True,Southampton,no,True,0
442,0,3,male,25.0,1,0,7.775,S,Third,man,True,Southampton,no,False,1
443,1,2,female,28.0,0,0,13.0,S,Second,woman,False,Southampton,yes,True,0
446,1,2,female,13.0,0,1,19.5,S,Second,child,False,Southampton,yes,False,1
447,1,1,male,34.0,0,0,26.55,S,First,man,True,Southampton,yes,True,0
448,1,3,female,5.0,2,1,19.2583,C,Third,child,False,Cherbourg,yes,False,3
449,1,1,male,52.0,0,0,30.5,S,First,man,True,Southampton,yes,True,0
450,0,2,male,36.0,1,2,27.75,S,Second,man,True,Southampton,no,False,3
452,0,1,male,30.0,0,0,27.75,C,First,man,True,Cherbourg,no,True,0
455,1,3,male,29.0,0,0,7.8958,C,Third,man,True,Cherbourg,yes,True,0
458,1,2,female,50.0,0,0,10.5,S,Second,woman,False,Southampton,yes,True,0
460,1,1,male,48.0,0,0,26.55,S,First,man,True,Southampton,yes,True,0
461,0,3,male,34.0,0,0,8.05,S,Third,man,True,Southampton,no,True,0
462,0,1,male,47.0,0,0,38.5,S,First,man,True,Southampton,no,True,0
463,0,2,male,48.0,0,0,13.0,S,Second,man,True,Southampton,no,True,0
465,0,3,male,38.0,0,0,7.05,S,Third,man,True,Southampton,no,True,0
467,0,1,male,56.0,0,0,26.55,S,First,man,True,Southampton,no,True,0
469,1,3,female,0.75,2,1,19.2583,C,Third,child,False,Cherbourg,yes,False,3
471,0,3,male,38.0,0,0,8.6625,S,Third,man,True,Southampton,no,True,0
472,1,2,female,33.0,1,2,27.75,S,Second,woman,False,Southampton,yes,False,3
473,1,2,female,23.0,0,0,13.7917,C,Second,woman,False,Cherbourg,yes,True,0
474,0,3,female,22.0,0,0,9.8375,S,Third,woman,False,Southampton,no,True,0
476,0,2,male,34.0,1,0,21.0,S,Second,man,True,Southampton,no,False,1
477,0,3,male,29.0,1,0,7.0458,S,Third,man,True,Southampton,no,False,1
478,0,3,male,22.0,0,0,7.5208,S,Third,man,True,Southampton,no,True,0
479,1,3,female,2.0,0,1,12.2875,S,Third,child,False,Southampton,yes,False,1
480,0,3,male,9.0,5,2,46.9,S,Third,child,False,Southampton,no,False,7
482,0,3,male,50.0,0,0,8.05,S,Third,man,True,Southampton,no,True,0
483,1,3,female,63.0,0,0,9.5875,S,Third,woman,False,Southampton,yes,True,0
487,0,1,male,58.0,0,0,29.7,C,First,man,True,Cherbourg,no,True,0
488,0,3,male,30.0,0,0,8.05,S,Third,man,True,Southampton,no,True,0
489,1,3,male,9.0,1,1,15.9,S,Third,child,False,Southampton,yes,False,2
491,0,3,male,21.0,0,0,7.25,S,Third,man,True,Southampton,no,True,0
492,0,1,male,55.0,0,0,30.5,S,First,man,True,Southampton,no,True,0
494,0,3,male,21.0,0,0,8.05,S,Third,man,True,Southampton,no,True,0
499,0,3,male,24.0,0,0,7.7958,S,Third,man,True,Southampton,no,True,0
500,0,3,male,17.0,0,0,8.6625,S,Third,man,True,Southampton,no,True,0
501,0,3,female,21.0,0,0,7.75,Q,Third,woman,False,Queenstown,no,True,0
503,0,3,female,37.0,0,0,9.5875,S,Third,woman,False,Southampton,no,True,0
506,1,2,female,33.0,0,2,26.0,S,Second,woman,False,Southampton,yes,False,2
508,0,3,male,28.0,0,0,22.525,S,Third,man,True,Southampton,no,True,0
509,1,3,male,26.0,0,0,56.4958,S,Third,man,True,Southampton,yes,True,0
510,1,3,male,29.0,0,0,7.75,Q,Third,man,True,Queenstown,yes,True,0
512,1,1,male,36.0,0,0,26.2875,S,First,man,True,Southampton,yes,True,0
513,1,1,female,54.0,1,0,59.4,C,First,woman,False,Cherbourg,yes,False,1
514,0,3,male,24.0,0,0,7.4958,S,Third,man,True,Southampton,no,True,0
515,0,1,male,47.0,0,0,34.0208,S,First,man,True,Southampton,no,True,0
516,1,2,female,34.0,0,0,10.5,S,Second,woman,False,Southampton,yes,True,0
518,1,2,female,36.0,1,0,26.0,S,Second,woman,False,Southampton,yes,False,1
519,0,3,male,32.0,0,0,7.8958,S,Third,man,True,Southampton,no,True,0
521,0,3,male,22.0,0,0,7.8958,S,Third,man,True,Southampton,no,True,0
523,1,1,female,44.0,0,1,57.9792,C,First,woman,False,Cherbourg,yes,False,1
525,0,3,male,40.5,0,0,7.75,Q,Third,man,True,Queenstown,no,True,0
526,1,2,female,50.0,0,0,10.5,S,Second,woman,False,Southampton,yes,True,0
528,0,3,male,39.0,0,0,7.925,S,Third,man,True,Southampton,no,True,0
529,0,2,male,23.0,2,1,11.5,S,Second,man,True,Southampton,no,False,3
530,1,2,female,2.0,1,1,26.0,S,Second,child,False,Southampton,yes,False,2
532,0,3,male,17.0,1,1,7.2292,C,Third,man,True,Cherbourg,no,False,2
534,0,3,female,30.0,0,0,8.6625,S,Third,woman,False,Southampton,no,True,0
535,1,2,female,7.0,0,2,26.25,S,Second,child,False,Southampton,yes,False,2
536,0,1,male,45.0,0,0,26.55,S,First,man,True,Southampton,no,True,0
539,1,1,female,22.0,0,2,49.5,C,First,woman,False,Cherbourg,yes,False,2
541,0,3,female,9.0,4,2,31.275,S,Third,child,False,Southampton,no,False,6
542,0,3,female,11.0,4,2,31.275,S,Third,child,False,Southampton,no,False,6
543,1,2,male,32.0,1,0,26.0,S,Second,man,True,Southampton,yes,False,1
545,0,1,male,64.0,0,0,26.0,S,First,man,True,Southampton,no,True,0
546,1,2,female,19.0,1,0,26.0,S,Second,woman,False,Southampton,yes,False,1
548,0,3,male,33.0,1,1,20.525,S,Third,man,True,Southampton,no,False,2
549,1,2,male,8.0,1,1,36.75,S,Second,child,False,Southampton,yes,False,2
551,0,2,male,27.0,0,0,26.0,S,Second,man,True,Southampton,no,True,0
553,1,3,male,22.0,0,0,7.225,C,Third,man,True,Cherbourg,yes,True,0
554,1,3,female,22.0,0,0,7.775,S,Third,woman,False,Southampton,yes,True,0
555,0,1,male,62.0,0,0,26.55,S,First,man,True,Southampton,no,True,0
556,1,1,female,48.0,1,0,39.6,C,First,woman,False,Cherbourg,yes,False,1
559,1,3,female,36.0,1,0,17.4,S,Third,woman,False,Southampton,yes,False,1
561,0,3,male,40.0,0,0,7.8958,S,Third,man,True,Southampton,no,True,0
562,0,2,male,28.0,0,0,13.5,S,Second,man,True,Southampton,no,True,0
565,0,3,male,24.0,2,0,24.15,S,Third,man,True,Southampton,no,False,2
566,0,3,male,19.0,0,0,7.8958,S,Third,man,True,Southampton,no,True,0
567,0,3,female,29.0,0,4,21.075,S,Third,woman,False,Southampton,no,False,4
569,1,3,male,32.0,0,0,7.8542,S,Third,man,True,Southampton,yes,True,0
570,1,2,male,62.0,0,0,10.5,S,Second,man,True,Southampton,yes,True,0
571,1,1,female,53.0,2,0,51.4792,S,First,woman,False,Southampton,yes,False,2
572,1,1,male,36.0,0,0,26.3875,S,First,man,True,Southampton,yes,True,0
574,0,3,male,16.0,0,0,8.05,S,Third,man,True,Southampton,no,True,0
575,0,3,male,19.0,0,0,14.5,S,Third,man,True,Southampton,no,True,0
576,1,2,female,34.0,0,0,13.0,S,Second,woman,False,Southampton,yes,True,0
577,1,1,female,39.0,1,0,55.9,S,First,woman,False,Southampton,yes,False,1
579,1,3,male,32.0,0,0,7.925,S,Third,man,True,Southampton,yes,True,0
580,1,2,female,25.0,1,1,30.0,S,Second,woman,False,Southampton,yes,False,2
582,0,2,male,54.0,0,0,26.0,S,Second,man,True,Southampton,no,True,0
583,0,1,male,36.0,0,0,40.125,C,First,man,True,Cherbourg,no,True,0
586,0,2,male,47.0,0,0,15.0,S,Second,man,True,Southampton,no,True,0
588,0,3,male,22.0,0,0,8.05,S,Third,man,True,Southampton,no,True,0
590,0,3,male,35.0,0,0,7.125,S,Third,man,True,Southampton,no,True,0
592,0,3,male,47.0,0,0,7.25,S,Third,man,True,Southampton,no,True,0
594,0,2,male,37.0,1,0,26.0,S,Second,man,True,Southampton,no,False,1
595,0,3,male,36.0,1,1,24.15,S,Third,man,True,Southampton,no,False,2
597,0,3,male,49.0,0,0,0.0,S,Third,man,True,Southampton,no,True,0
599,1,1,male,49.0,1,0,56.9292,C,First,man,True,Cherbourg,yes,False,1
600,1,2,female,24.0,2,1,27.0,S,Second,woman,False,Southampton,yes,False,3
603,0,3,male,44.0,0,0,8.05,S,Third,man,True,Southampton,no,True,0
604,1,1,male,35.0,0,0,26.55,C,First,man,True,Cherbourg,yes,True,0
605,0,3,male,36.0,1,0,15.55,S,Third,man,True,Southampton,no,False,1
606,0,3,male,30.0,0,0,7.8958,S,Third,man,True,Southampton,no,True,0
607,1,1,male,27.0,0,0,30.5,S,First,man,True,Southampton,yes,True,0
608,1,2,female,22.0,1,2,41.5792,C,Second,woman,False,Cherbourg,yes,False,3
610,0,3,female,39.0,1,5,31.275,S,Third,woman,False,Southampton,no,False,6
614,0,3,male,35.0,0,0,8.05,S,Third,man,True,Southampton,no,True,0
615,1,2,female,24.0,1,2,65.0,S,Second,woman,False,Southampton,yes,False,3
616,0,3,male,34.0,1,1,14.4,S,Third,man,True,Southampton,no,False,2
617,0,3,female,26.0,1,0,16.1,S,Third,woman,False,Southampton,no,False,1
618,1,2,female,4.0,2,1,39.0,S,Second,child,False,Southampton,yes,False,3
619,0,2,male,26.0,0,0,10.5,S,Second,man,True,Southampton,no,True,0
620,0,3,male,27.0,1,0,14.4542,C,Third,man,True,Cherbourg,no,False,1
621,1,1,male,42.0,1,0,52.5542,S,First,man,True,Southampton,yes,False,1
622,1,3,male,20.0,1,1,15.7417,C,Third,man,True,Cherbourg,yes,False,2
623,0,3,male,21.0,0,0,7.8542,S,Third,man,True,Southampton,no,True,0
624,0,3,male,21.0,0,0,16.1,S,Third,man,True,Southampton,no,True,0
625,0,1,male,61.0,0,0,32.3208,S,First,man,True,Southampton,no,True,0
626,0,2,male,57.0,0,0,12.35,Q,Second,man,True,Queenstown,no,True,0
628,0,3,male,26.0,0,0,7.8958,S,Third,man,True,Southampton,no,True,0
631,0,3,male,51.0,0,0,7.0542,S,Third,man,True,Southampton,no,True,0
632,1,1,male,32.0,0,0,30.5,C,First,man,True,Cherbourg,yes,True,0
634,0,3,female,9.0,3,2,27.9,S,Third,child,False,Southampton,no,False,5
635,1,2,female,28.0,0,0,13.0,S,Second,woman,False,Southampton,yes,True,0
636,0,3,male,32.0,0,0,7.925,S,Third,man,True,Southampton,no,True,0
637,0,2,male,31.0,1,1,26.25,S,Second,man,True,Southampton,no,False,2
638,0,3,female,41.0,0,5,39.6875,S,Third,woman,False,Southampton,no,False,5
640,0,3,male,20.0,0,0,7.8542,S,Third,man,True,Southampton,no,True,0
642,0,3,female,2.0,3,2,27.9,S,Third,child,False,Southampton,no,False,5
644,1,3,female,0.75,2,1,19.2583,C,Third,child,False,Cherbourg,yes,False,3
646,0,3,male,19.0,0,0,7.8958,S,Third,man,True,Southampton,no,True,0
647,1,1,male,56.0,0,0,35.5,C,First,man,True,Cherbourg,yes,True,0
649,1,3,female,23.0,0,0,7.55,S,Third,woman,False,Southampton,yes,True,0
651,1,2,female,18.0,0,1,23.0,S,Second,woman,False,Southampton,yes,False,1
652,0,3,male,21.0,0,0,8.4333,S,Third,man,True,Southampton,no,True,0
654,0,3,female,18.0,0,0,6.75,Q,Third,woman,False,Queenstown,no,True,0
657,0,3,female,32.0,1,1,15.5,Q,Third,woman,False,Queenstown,no,False,2
658,0,2,male,23.0,0,0,13.0,S,Second,man,True,Southampton,no,True,0
661,0,3,male,40.0,0,0,7.225,C,Third,man,True,Cherbourg,no,True,0
662,0,1,male,47.0,0,0,25.5875,S,First,man,True,Southampton,no,True,0
663,0,3,male,36.0,0,0,7.4958,S,Third,man,True,Southampton,no,True,0
664,1,3,male,20.0,1,0,7.925,S,Third,man,True,Southampton,yes,False,1
666,0,2,male,25.0,0,0,13.0,S,Second,man,True,Southampton,no,True,0
668,0,3,male,43.0,0,0,8.05,S,Third,man,True,Southampton,no,True,0
670,1,2,female,40.0,1,1,39.0,S,Second,woman,False,Southampton,yes,False,2
671,0,1,male,31.0,1,0,52.0,S,First,man,True,Southampton,no,False,1
673,1,2,male,31.0,0,0,13.0,S,Second,man,True,Southampton,yes,True,0
675,0,3,male,18.0,0,0,7.775,S,Third,man,True,Southampton,no,True,0
676,0,3,male,24.5,0,0,8.05,S,Third,man,True,Southampton,no,True,0
677,1,3,female,18.0,0,0,9.8417,S,Third,woman,False,Southampton,yes,True,0
678,0,3,female,43.0,1,6,46.9,S,Third,woman,False,Southampton,no,False,7
682,0,3,male,20.0,0,0,9.225,S,Third,man,True,Southampton,no,True,0
683,0,3,male,14.0,5,2,46.9,S,Third,child,False,Southampton,no,False,7
684,0,2,male,60.0,1,1,39.0,S,Second,man,True,Southampton,no,False,2
685,0,2,male,25.0,1,2,41.5792,C,Second,man,True,Cherbourg,no,False,3
686,0,3,male,14.0,4,1,39.6875,S,Third,child,False,Southampton,no,False,5
687,0,3,male,19.0,0,0,10.1708,S,Third,man,True,Southampton,no,True,0
688,0,3,male,18.0,0,0,7.7958,S,Third,man,True,Southampton,no,True,0
690,1,1,male,31.0,1,0,57.0,S,First,man,True,Southampton,yes,False,1
691,1,3,female,4.0,0,1,13.4167,C,Third,child,False,Cherbourg,yes,False,1
693,0,3,male,25.0,0,0,7.225,C,Third,man,True,Cherbourg,no,True,0
694,0,1,male,60.0,0,0,26.55,S,First,man,True,Southampton,no,True,0
695,0,2,male,52.0,0,0,13.5,S,Second,man,True,Southampton,no,True,0
696,0,3,male,44.0,0,0,8.05,S,Third,man,True,Southampton,no,True,0
699,0,3,male,42.0,0,0,7.65,S,Third,man,True,Southampton,no,True,0
701,1,1,male,35.0,0,0,26.2875,S,First,man,True,Southampton,yes,True,0
702,0,3,female,18.0,0,1,14.4542,C,Third,woman,False,Cherbourg,no,False,1
703,0,3,male,25.0,0,0,7.7417,Q,Third,man,True,Queenstown,no,True,0
704,0,3,male,26.0,1,0,7.8542,S,Third,man,True,Southampton,no,False,1
705,0,2,male,39.0,0,0,26.0,S,Second,man,True,Southampton,no,True,0
706,1,2,female,45.0,0,0,13.5,S,Second,woman,False,Southampton,yes,True,0
707,1,1,male,42.0,0,0,26.2875,S,First,man,True,Southampton,yes,True,0
710,1,1,female,24.0,0,0,49.5042,C,First,woman,False,Cherbourg,yes,True,0
712,1,1,male,48.0,1,0,52.0,S,First,man,True,Southampton,yes,False,1
713,0,3,male,29.0,0,0,9.4833,S,Third,man,True,Southampton,no,True,0
714,0,2,male,52.0,0,0,13.0,S,Second,man,True,Southampton,no,True,0
715,0,3,male,19.0,0,0,7.65,S,Third,man,True,Southampton,no,True,0
717,1,2,female,27.0,0,0,10.5,S,Second,woman,False,Southampton,yes,True,0
719,0,3,male,33.0,0,0,7.775,S,Third,man,True,Southampton,no,True,0
720,1,2,female,6.0,0,1,33.0,S,Second,child,False,Southampton,yes,False,1
721,0,3,male,17.0,1,0,7.0542,S,Third,man,True,Southampton,no,False,1
722,0,2,male,34.0,0,0,13.0,S,Second,man,True,Southampton,no,True,0
723,0,2,male,50.0,0,0,13.0,S,Second,man,True,Southampton,no,True,0
724,1,1,male,27.0,1,0,53.1,S,First,man,True,Southampton,yes,False,1
725,0,3,male,20.0,0,0,8.6625,S,Third,man,True,Southampton,no,True,0
726,1,2,female,30.0,3,0,21.0,S,Second,woman,False,Southampton,yes,False,3
728,0,2,male,25.0,1,0,26.0,S,Second,man,True,Southampton,no,False,1
729,0,3,female,25.0,1,0,7.925,S,Third,woman,False,Southampton,no,False,1
731,0,3,male,11.0,0,0,18.7875,C,Third,child,False,Cherbourg,no,True,0
733,0,2,male,23.0,0,0,13.0,S,Second,man,True,Southampton,no,True,0
734,0,2,male,23.0,0,0,13.0,S,Second,man,True,Southampton,no,True,0
735,0,3,male,28.5,0,0,16.1,S,Third,man,True,Southampton,no,True,0
736,0,3,female,48.0,1,3,34.375,S,Third,woman,False,Southampton,no,False,4
743,0,3,male,24.0,1,0,16.1,S,Third,man,True,Southampton,no,False,1
744,1,3,male,31.0,0,0,7.925,S,Third,man,True,Southampton,yes,True,0
746,0,3,male,16.0,1,1,20.25,S,Third,man,True,Southampton,no,False,2
747,1,2,female,30.0,0,0,13.0,S,Second,woman,False,Southampton,yes,True,0
748,0,1,male,19.0,1,0,53.1,S,First,man,True,Southampton,no,False,1
749,0,3,male,31.0,0,0,7.75,Q,Third,man,True,Queenstown,no,True,0
750,1,2,female,4.0,1,1,23.0,S,Second,child,False,Southampton,yes,False,2
751,1,3,male,6.0,0,1,12.475,S,Third,child,False,Southampton,yes,False,1
752,0,3,male,33.0,0,0,9.5,S,Third,man,True,Southampton,no,True,0
753,0,3,male,23.0,0,0,7.8958,S,Third,man,True,Southampton,no,True,0
754,1,2,female,48.0,1,2,65.0,S,Second,woman,False,Southampton,yes,False,3
755,1,2,male,0.67,1,1,14.5,S,Second,child,False,Southampton,yes,False,2
756,0,3,male,28.0,0,0,7.7958,S,Third,man,True,Southampton,no,True,0
757,0,2,male,18.0,0,0,11.5,S,Second,man,True,Southampton,no,True,0
758,0,3,male,34.0,0,0,8.05,S,Third,man,True,Southampton,no,True,0
761,0,3,male,41.0,0,0,7.125,S,Third,man,True,Southampton,no,True,0
762,1,3,male,20.0,0,0,7.2292,C,Third,man,True,Cherbourg,yes,True,0
764,0,3,male,16.0,0,0,7.775,S,Third,man,True,Southampton,no,True,0
767,0,3,female,30.5,0,0,7.75,Q,Third,woman,False,Queenstown,no,True,0
769,0,3,male,32.0,0,0,8.3625,S,Third,man,True,Southampton,no,True,0
770,0,3,male,24.0,0,0,9.5,S,Third,man,True,Southampton,no,True,0
771,0,3,male,48.0,0,0,7.8542,S,Third,man,True,Southampton,no,True,0
772,0,2,female,57.0,0,0,10.5,S,Second,woman,False,Southampton,no,True,0
774,1,2,female,54.0,1,3,23.0,S,Second,woman,False,Southampton,yes,False,4
775,0,3,male,18.0,0,0,7.75,S,Third,man,True,Southampton,no,True,0
777,1,3,female,5.0,0,0,12.475,S,Third,child,False,Southampton,yes,True,0
780,1,3,female,13.0,0,0,7.2292,C,Third,child,False,Cherbourg,yes,True,0
781,1,1,female,17.0,1,0,57.0,S,First,woman,False,Southampton,yes,False,1
782,0,1,male,29.0,0,0,30.0,S,First,man,True,Southampton,no,True,0
784,0,3,male,25.0,0,0,7.05,S,Third,man,True,Southampton,no,True,0
785,0,3,male,25.0,0,0,7.25,S,Third,man,True,Southampton,no,True,0
786,1,3,female,18.0,0,0,7.4958,S,Third,woman,False,Southampton,yes,True,0
787,0,3,male,8.0,4,1,29.125,Q,Third,child,False,Queenstown,no,False,5
788,1,3,male,1.0,1,2,20.575,S,Third,child,False,Southampton,yes,False,3
791,0,2,male,16.0,0,0,26.0,S,Second,man,True,Southampton,no,True,0
794,0,3,male,25.0,0,0,7.8958,S,Third,man,True,Southampton,no,True,0
795,0,2,male,39.0,0,0,13.0,S,Second,man,True,Southampton,no,True,0
796,1,1,female,49.0,0,0,25.9292,S,First,woman,False,Southampton,yes,True,0
797,1,3,female,31.0,0,0,8.6833,S,Third,woman,False,Southampton,yes,True,0
798,0,3,male,30.0,0,0,7.2292,C,Third,man,True,Cherbourg,no,True,0
799,0,3,female,30.0,1,1,24.15,S,Third,woman,False,Southampton,no,False,2
800,0,2,male,34.0,0,0,13.0,S,Second,man,True,Southampton,no,True,0
801,1,2,female,31.0,1,1,26.25,S,Second,woman,False,Southampton,yes,False,2
803,1,3,male,0.42,0,1,8.5167,C,Third,child,False,Cherbourg,yes,False,1
804,1,3,male,27.0,0,0,6.975,S,Third,man,True,Southampton,yes,True,0
805,0,3,male,31.0,0,0,7.775,S,Third,man,True,Southampton,no,True,0
806,0,1,male,39.0,0,0,0.0,S,First,man,True,Southampton,no,True,0
807,0,3,female,18.0,0,0,7.775,S,Third,woman,False,Southampton,no,True,0
808,0,2,male,39.0,0,0,13.0,S,Second,man,True,Southampton,no,True,0
809,1,1,female,33.0,1,0,53.1,S,First,woman,False,Southampton,yes,False,1
810,0,3,male,26.0,0,0,7.8875,S,Third,man,True,Southampton,no,True,0
811,0,3,male,39.0,0,0,24.15,S,Third,man,True,Southampton,no,True,0
812,0,2,male,35.0,0,0,10.5,S,Second,man,True,Southampton,no,True,0
813,0,3,female,6.0,4,2,31.275,S,Third,child,False,Southampton,no,False,6
814,0,3,male,30.5,0,0,8.05,S,Third,man,True,Southampton,no,True,0
816,0,3,female,23.0,0,0,7.925,S,Third,woman,False,Southampton,no,True,0
817,0,2,male,31.0,1,1,37.0042,C,Second,man,True,Cherbourg,no,False,2
818,0,3,male,43.0,0,0,6.45,S,Third,man,True,Southampton,no,True,0
819,0,3,male,10.0,3,2,27.9,S,Third,child,False,Southampton,no,False,5
821,1,3,male,27.0,0,0,8.6625,S,Third,man,True,Southampton,yes,True,0
822,0,1,male,38.0,0,0,0.0,S,First,man,True,Southampton,no,True,0
823,1,3,female,27.0,0,1,12.475,S,Third,woman,False,Southampton,yes,False,1
824,0,3,male,2.0,4,1,39.6875,S,Third,child,False,Southampton,no,False,5
827,1,2,male,1.0,0,2,37.0042,C,Second,child,False,Cherbourg,yes,False,2
830,1,3,female,15.0,1,0,14.4542,C,Third,child,False,Cherbourg,yes,False,1
831,1,2,male,0.83,1,1,18.75,S,Second,child,False,Southampton,yes,False,2
833,0,3,male,23.0,0,0,7.8542,S,Third,man,True,Southampton,no,True,0
834,0,3,male,18.0,0,0,8.3,S,Third,man,True,Southampton,no,True,0
836,0,3,male,21.0,0,0,8.6625,S,Third,man,True,Southampton,no,True,0
838,1,3,male,32.0,0,0,56.4958,S,Third,man,True,Southampton,yes,True,0
840,0,3,male,20.0,0,0,7.925,S,Third,man,True,Southampton,no,True,0
841,0,2,male,16.0,0,0,10.5,S,Second,man,True,Southampton,no,True,0
842,1,1,female,30.0,0,0,31.0,C,First,woman,False,Cherbourg,yes,True,0
843,0,3,male,34.5,0,0,6.4375,C,Third,man,True,Cherbourg,no,True,0
844,0,3,male,17.0,0,0,8.6625,S,Third,man,True,Southampton,no,True,0
845,0,3,male,42.0,0,0,7.55,S,Third,man,True,Southampton,no,True,0
847,0,3,male,35.0,0,0,7.8958,C,Third,man,True,Cherbourg,no,True,0
848,0,2,male,28.0,0,1,33.0,S,Second,man,True,Southampton,no,False,1
850,0,3,male,4.0,4,2,31.275,S,Third,child,False,Southampton,no,False,6
852,0,3,female,9.0,1,1,15.2458,C,Third,child,False,Cherbourg,no,False,2
853,1,1,female,16.0,0,1,39.4,S,First,woman,False,Southampton,yes,False,1
854,0,2,female,44.0,1,0,26.0,S,Second,woman,False,Southampton,no,False,1
855,1,3,female,18.0,0,1,9.35,S,Third,woman,False,Southampton,yes,False,1
857,1,1,male,51.0,0,0,26.55,S,First,man,True,Southampton,yes,True,0
858,1,3,female,24.0,0,3,19.2583,C,Third,woman,False,Cherbourg,yes,False,3
860,0,3,male,41.0,2,0,14.1083,S,Third,man,True,Southampton,no,False,2
861,0,2,male,21.0,1,0,11.5,S,Second,man,True,Southampton,no,False,1
862,1,1,female,48.0,0,0,25.9292,S,First,woman,False,Southampton,yes,True,0
864,0,2,male,24.0,0,0,13.0,S,Second,man,True,Southampton,no,True,0
865,1,2,female,42.0,0,0,13.0,S,Second,woman,False,Southampton,yes,True,0
866,1,2,female,27.0,1,0,13.8583,C,Second,woman,False,Cherbourg,yes,False,1
867,0,1,male,31.0,0,0,50.4958,S,First,man,True,Southampton,no,True,0
869,1,3,male,4.0,1,1,11.1333,S,Third,child,False,Southampton,yes,False,2
870,0,3,male,26.0,0,0,7.8958,S,Third,man,True,Southampton,no,True,0
871,1,1,female,47.0,1,1,52.5542,S,First,woman,False,Southampton,yes,False,2
872,0,1,male,33.0,0,0,5.0,S,First,man,True,Southampton,no,True,0
873,0,3,male,47.0,0,0,9.0,S,Third,man,True,Southampton,no,True,0
874,1,2,female,28.0,1,0,24.0,C,Second,woman,False,Cherbourg,yes,False,1
875,1,3,female,15.0,0,0,7.225,C,Third,child,False,Cherbourg,yes,True,0
876,0,3,male,20.0,0,0,9.8458,S,Third,man,True,Southampton,no,True,0
877,0,3,male,19.0,0,0,7.8958,S,Third,man,True,Southampton,no,True,0
880,1,2,female,25.0,0,1,26.0,S,Second,woman,False,Southampton,yes,False,1
881,0,3,male,33.0,0,0,7.8958,S,Third,man,True,Southampton,no,True,0
882,0,3,female,22.0,0,0,10.5167,S,Third,woman,False,Southampton,no,True,0
883,0,2,male,28.0,0,0,10.5,S,Second,man,True,Southampton,no,True,0
884,0,3,male,25.0,0,0,7.05,S,Third,man,True,Southampton,no,True,0
885,0,3,female,39.0,0,5,29.125,Q,Third,woman,False,Queenstown,no,False,5
886,0,2,male,27.0,0,0,13.0,S,Second,man,True,Southampton,no,True,0
887,1,1,female,19.0,0,0,30.0,S,First,woman,False,Southampton,yes,True,0
889,1,1,male,26.0,0,0,30.0,C,First,man,True,Cherbourg,yes,True,0
890,0,3,male,32.0,0,0,7.75,Q,Third,man,True,Queenstown,no,True,0
